<?xml version="1.0" encoding="UTF-8"?>
<GenRun Id="impl_1" LaunchPart="xc7a100tfgg484-1" LaunchTime="1685293754">
  <File Type="PWROPT-DCP" Name="top_pwropt.dcp"/>
  <File Type="ROUTE-PWR" Name="top_power_routed.rpt"/>
  <File Type="PA-TCL" Name="top.tcl"/>
  <File Type="ROUTE-PWR-SUM" Name="top_power_summary_routed.pb"/>
  <File Type="REPORTS-TCL" Name="top_reports.tcl"/>
  <File Type="BG-DRC" Name="top.drc"/>
  <File Type="OPT-METHODOLOGY-DRC" Name="top_methodology_drc_opted.rpt"/>
  <File Type="INIT-TIMING" Name="top_timing_summary_init.rpt"/>
  <File Type="OPT-HWDEF" Name="top.hwdef"/>
  <File Type="OPT-DCP" Name="top_opt.dcp"/>
  <File Type="OPT-DRC" Name="top_drc_opted.rpt"/>
  <File Type="OPT-TIMING" Name="top_timing_summary_opted.rpt"/>
  <File Type="PWROPT-DRC" Name="top_drc_pwropted.rpt"/>
  <File Type="PWROPT-TIMING" Name="top_timing_summary_pwropted.rpt"/>
  <File Type="PLACE-DCP" Name="top_placed.dcp"/>
  <File Type="PLACE-IO" Name="top_io_placed.rpt"/>
  <File Type="PLACE-CLK" Name="top_clock_utilization_placed.rpt"/>
  <File Type="PLACE-UTIL" Name="top_utilization_placed.rpt"/>
  <File Type="PLACE-UTIL-PB" Name="top_utilization_placed.pb"/>
  <File Type="PLACE-CTRL" Name="top_control_sets_placed.rpt"/>
  <File Type="PLACE-SIMILARITY" Name="top_incremental_reuse_placed.rpt"/>
  <File Type="PLACE-PRE-SIMILARITY" Name="top_incremental_reuse_pre_placed.rpt"/>
  <File Type="PLACE-TIMING" Name="top_timing_summary_placed.rpt"/>
  <File Type="POSTPLACE-PWROPT-DCP" Name="top_postplace_pwropt.dcp"/>
  <File Type="POSTPLACE-PWROPT-TIMING" Name="top_timing_summary_postplace_pwropted.rpt"/>
  <File Type="PHYSOPT-DCP" Name="top_physopt.dcp"/>
  <File Type="PHYSOPT-DRC" Name="top_drc_physopted.rpt"/>
  <File Type="BG-BIT" Name="top.bit"/>
  <File Type="PHYSOPT-TIMING" Name="top_timing_summary_physopted.rpt"/>
  <File Type="ROUTE-ERROR-DCP" Name="top_routed_error.dcp"/>
  <File Type="ROUTE-DCP" Name="top_routed.dcp"/>
  <File Type="ROUTE-BLACKBOX-DCP" Name="top_routed_bb.dcp"/>
  <File Type="ROUTE-DRC" Name="top_drc_routed.rpt"/>
  <File Type="ROUTE-DRC-PB" Name="top_drc_routed.pb"/>
  <File Type="BITSTR-MSK" Name="top.msk"/>
  <File Type="ROUTE-DRC-RPX" Name="top_drc_routed.rpx"/>
  <File Type="BG-BGN" Name="top.bgn"/>
  <File Type="ROUTE-METHODOLOGY-DRC" Name="top_methodology_drc_routed.rpt"/>
  <File Type="BITSTR-RBT" Name="top.rbt"/>
  <File Type="ROUTE-METHODOLOGY-DRC-RPX" Name="top_methodology_drc_routed.rpx"/>
  <File Type="BG-BIN" Name="top.bin"/>
  <File Type="ROUTE-METHODOLOGY-DRC-PB" Name="top_methodology_drc_routed.pb"/>
  <File Type="ROUTE-PWR-RPX" Name="top_power_routed.rpx"/>
  <File Type="ROUTE-STATUS" Name="top_route_status.rpt"/>
  <File Type="ROUTE-STATUS-PB" Name="top_route_status.pb"/>
  <File Type="ROUTE-TIMINGSUMMARY" Name="top_timing_summary_routed.rpt"/>
  <File Type="ROUTE-TIMING-PB" Name="top_timing_summary_routed.pb"/>
  <File Type="ROUTE-TIMING-RPX" Name="top_timing_summary_routed.rpx"/>
  <File Type="ROUTE-SIMILARITY" Name="top_incremental_reuse_routed.rpt"/>
  <File Type="RDI-RDI" Name="top.vdi"/>
  <File Type="ROUTE-CLK" Name="top_clock_utilization_routed.rpt"/>
  <File Type="POSTROUTE-PHYSOPT-DCP" Name="top_postroute_physopt.dcp"/>
  <File Type="POSTROUTE-PHYSOPT-BLACKBOX-DCP" Name="top_postroute_physopt_bb.dcp"/>
  <File Type="POSTROUTE-PHYSOPT-TIMING" Name="top_timing_summary_postroute_physopted.rpt"/>
  <File Type="POSTROUTE-PHYSOPT-TIMING-PB" Name="top_timing_summary_postroute_physopted.pb"/>
  <File Type="POSTROUTE-PHYSOPT-TIMING-RPX" Name="top_timing_summary_postroute_physopted.rpx"/>
  <File Type="BITSTR-NKY" Name="top.nky"/>
  <File Type="BITSTR-BMM" Name="top_bd.bmm"/>
  <File Type="BITSTR-MMI" Name="top.mmi"/>
  <File Type="BITSTR-LTX" Name="debug_nets.ltx"/>
  <File Type="BITSTR-LTX" Name="top.ltx"/>
  <File Type="BITSTR-SYSDEF" Name="top.sysdef"/>
  <File Type="WBT-USG" Name="usage_statistics_webtalk.html"/>
  <FileSet Name="sources" Type="DesignSrcs" RelSrcDir="$PSRCDIR/sources_1">
    <Filter Type="Srcs"/>
    <File Path="$PSRCDIR/sources_1/ip/uart_bmpg_0_1/uart_bmpg_0.xci">
      <FileInfo>
        <Attr Name="UsedIn" Val="synthesis"/>
        <Attr Name="UsedIn" Val="implementation"/>
        <Attr Name="UsedIn" Val="simulation"/>
      </FileInfo>
    </File>
    <File Path="$PSRCDIR/sources_1/imports/code/RenaiCirculation.v">
      <FileInfo>
        <Attr Name="ImportPath" Val="$PPRDIR/../../../../Digetal_Design/DD/code/RenaiCirculation.v"/>
        <Attr Name="ImportTime" Val="1654159238"/>
        <Attr Name="UsedIn" Val="synthesis"/>
        <Attr Name="UsedIn" Val="implementation"/>
        <Attr Name="UsedIn" Val="simulation"/>
      </FileInfo>
    </File>
    <File Path="$PSRCDIR/sources_1/imports/再也不谈恋爱了/cpu.v">
      <FileInfo>
        <Attr Name="ImportPath" Val="$PPRDIR/../再也不谈恋爱了/cpu.v"/>
        <Attr Name="ImportTime" Val="1684652130"/>
        <Attr Name="UsedIn" Val="synthesis"/>
        <Attr Name="UsedIn" Val="implementation"/>
        <Attr Name="UsedIn" Val="simulation"/>
      </FileInfo>
    </File>
    <File Path="$PSRCDIR/sources_1/imports/再也不谈恋爱了/decode.v">
      <FileInfo>
        <Attr Name="ImportPath" Val="$PPRDIR/../再也不谈恋爱了/decode.v"/>
        <Attr Name="ImportTime" Val="1684637070"/>
        <Attr Name="UsedIn" Val="synthesis"/>
        <Attr Name="UsedIn" Val="implementation"/>
        <Attr Name="UsedIn" Val="simulation"/>
      </FileInfo>
    </File>
    <File Path="$PSRCDIR/sources_1/imports/再也不谈恋爱了/dmemory.v">
      <FileInfo>
        <Attr Name="ImportPath" Val="$PPRDIR/../再也不谈恋爱了/dmemory.v"/>
        <Attr Name="ImportTime" Val="1684616718"/>
        <Attr Name="UsedIn" Val="synthesis"/>
        <Attr Name="UsedIn" Val="implementation"/>
        <Attr Name="UsedIn" Val="simulation"/>
      </FileInfo>
    </File>
    <File Path="$PSRCDIR/sources_1/imports/再也不谈恋爱了/ex_mem.v">
      <FileInfo>
        <Attr Name="ImportPath" Val="$PPRDIR/../再也不谈恋爱了/ex_mem.v"/>
        <Attr Name="ImportTime" Val="1684602472"/>
        <Attr Name="UsedIn" Val="synthesis"/>
        <Attr Name="UsedIn" Val="implementation"/>
        <Attr Name="UsedIn" Val="simulation"/>
      </FileInfo>
    </File>
    <File Path="$PSRCDIR/sources_1/imports/再也不谈恋爱了/execute.v">
      <FileInfo>
        <Attr Name="ImportPath" Val="$PPRDIR/../再也不谈恋爱了/execute.v"/>
        <Attr Name="ImportTime" Val="1684602544"/>
        <Attr Name="UsedIn" Val="synthesis"/>
        <Attr Name="UsedIn" Val="implementation"/>
        <Attr Name="UsedIn" Val="simulation"/>
      </FileInfo>
    </File>
    <File Path="$PSRCDIR/sources_1/imports/再也不谈恋爱了/forwarding.v">
      <FileInfo>
        <Attr Name="ImportPath" Val="$PPRDIR/../再也不谈恋爱了/forwarding.v"/>
        <Attr Name="ImportTime" Val="1684323232"/>
        <Attr Name="UsedIn" Val="synthesis"/>
        <Attr Name="UsedIn" Val="implementation"/>
        <Attr Name="UsedIn" Val="simulation"/>
      </FileInfo>
    </File>
    <File Path="$PSRCDIR/sources_1/imports/再也不谈恋爱了/gen_regs.v">
      <FileInfo>
        <Attr Name="ImportPath" Val="$PPRDIR/../再也不谈恋爱了/gen_regs.v"/>
        <Attr Name="ImportTime" Val="1684666102"/>
        <Attr Name="UsedIn" Val="synthesis"/>
        <Attr Name="UsedIn" Val="implementation"/>
        <Attr Name="UsedIn" Val="simulation"/>
      </FileInfo>
    </File>
    <File Path="$PSRCDIR/sources_1/imports/再也不谈恋爱了/hazard.v">
      <FileInfo>
        <Attr Name="ImportPath" Val="$PPRDIR/../再也不谈恋爱了/hazard.v"/>
        <Attr Name="ImportTime" Val="1684637278"/>
        <Attr Name="UsedIn" Val="synthesis"/>
        <Attr Name="UsedIn" Val="implementation"/>
        <Attr Name="UsedIn" Val="simulation"/>
      </FileInfo>
    </File>
    <File Path="$PSRCDIR/sources_1/imports/再也不谈恋爱了/id_ex.v">
      <FileInfo>
        <Attr Name="ImportPath" Val="$PPRDIR/../再也不谈恋爱了/id_ex.v"/>
        <Attr Name="ImportTime" Val="1684651981"/>
        <Attr Name="UsedIn" Val="synthesis"/>
        <Attr Name="UsedIn" Val="implementation"/>
        <Attr Name="UsedIn" Val="simulation"/>
      </FileInfo>
    </File>
    <File Path="$PSRCDIR/sources_1/imports/再也不谈恋爱了/if_id.v">
      <FileInfo>
        <Attr Name="ImportPath" Val="$PPRDIR/../再也不谈恋爱了/if_id.v"/>
        <Attr Name="ImportTime" Val="1684320570"/>
        <Attr Name="UsedIn" Val="synthesis"/>
        <Attr Name="UsedIn" Val="implementation"/>
        <Attr Name="UsedIn" Val="simulation"/>
      </FileInfo>
    </File>
    <File Path="$PSRCDIR/sources_1/imports/再也不谈恋爱了/mem_wb.v">
      <FileInfo>
        <Attr Name="ImportPath" Val="$PPRDIR/../再也不谈恋爱了/mem_wb.v"/>
        <Attr Name="ImportTime" Val="1684570800"/>
        <Attr Name="UsedIn" Val="synthesis"/>
        <Attr Name="UsedIn" Val="implementation"/>
        <Attr Name="UsedIn" Val="simulation"/>
      </FileInfo>
    </File>
    <File Path="$PSRCDIR/sources_1/imports/再也不谈恋爱了/pc_gen.v">
      <FileInfo>
        <Attr Name="ImportPath" Val="$PPRDIR/../再也不谈恋爱了/pc_gen.v"/>
        <Attr Name="ImportTime" Val="1684584378"/>
        <Attr Name="UsedIn" Val="synthesis"/>
        <Attr Name="UsedIn" Val="implementation"/>
        <Attr Name="UsedIn" Val="simulation"/>
      </FileInfo>
    </File>
    <File Path="$PSRCDIR/sources_1/imports/再也不谈恋爱了/pre_if.v">
      <FileInfo>
        <Attr Name="ImportPath" Val="$PPRDIR/../再也不谈恋爱了/pre_if.v"/>
        <Attr Name="ImportTime" Val="1684590490"/>
        <Attr Name="UsedIn" Val="synthesis"/>
        <Attr Name="UsedIn" Val="implementation"/>
        <Attr Name="UsedIn" Val="simulation"/>
      </FileInfo>
    </File>
    <File Path="$PSRCDIR/sources_1/imports/再也不谈恋爱了/programrom.v">
      <FileInfo>
        <Attr Name="ImportPath" Val="$PPRDIR/../再也不谈恋爱了/programrom.v"/>
        <Attr Name="ImportTime" Val="1684616725"/>
        <Attr Name="UsedIn" Val="synthesis"/>
        <Attr Name="UsedIn" Val="implementation"/>
        <Attr Name="UsedIn" Val="simulation"/>
      </FileInfo>
    </File>
    <File Path="$PSRCDIR/sources_1/imports/再也不谈恋爱了/segment.v">
      <FileInfo>
        <Attr Name="ImportPath" Val="$PPRDIR/../再也不谈恋爱了/segment.v"/>
        <Attr Name="ImportTime" Val="1684671552"/>
        <Attr Name="UsedIn" Val="synthesis"/>
        <Attr Name="UsedIn" Val="implementation"/>
        <Attr Name="UsedIn" Val="simulation"/>
      </FileInfo>
    </File>
    <File Path="$PSRCDIR/sources_1/imports/Downloads/vga_num_switch.v">
      <FileInfo>
        <Attr Name="ImportPath" Val="$PPRDIR/../vga_num_switch.v"/>
        <Attr Name="ImportTime" Val="1684938494"/>
        <Attr Name="UsedIn" Val="synthesis"/>
        <Attr Name="UsedIn" Val="implementation"/>
        <Attr Name="UsedIn" Val="simulation"/>
      </FileInfo>
    </File>
    <File Path="$PSRCDIR/sources_1/imports/Downloads/vga_top.v">
      <FileInfo>
        <Attr Name="ImportPath" Val="$PPRDIR/../vga_top.v"/>
        <Attr Name="ImportTime" Val="1684938506"/>
        <Attr Name="UsedIn" Val="synthesis"/>
        <Attr Name="UsedIn" Val="implementation"/>
        <Attr Name="UsedIn" Val="simulation"/>
      </FileInfo>
    </File>
    <File Path="$PSRCDIR/sources_1/imports/再也不谈恋爱了/top.v">
      <FileInfo>
        <Attr Name="ImportPath" Val="$PPRDIR/../再也不谈恋爱了/top.v"/>
        <Attr Name="ImportTime" Val="1684637416"/>
        <Attr Name="UsedIn" Val="synthesis"/>
        <Attr Name="UsedIn" Val="implementation"/>
        <Attr Name="UsedIn" Val="simulation"/>
      </FileInfo>
    </File>
    <File Path="$PPRDIR/../../../../../FPGA_CPU/asms/offScene1/prgmip32.coe">
      <FileInfo>
        <Attr Name="UsedIn" Val="synthesis"/>
        <Attr Name="UsedIn" Val="simulation"/>
      </FileInfo>
    </File>
    <File Path="$PPRDIR/../../../../../FPGA_CPU/asms/offScene1/dmem32.coe">
      <FileInfo>
        <Attr Name="UsedIn" Val="synthesis"/>
        <Attr Name="UsedIn" Val="simulation"/>
      </FileInfo>
    </File>
    <File Path="$PPRDIR/../../../../../FPGA_CPU/asms/offScene2/prgmip32.coe">
      <FileInfo>
        <Attr Name="UsedIn" Val="synthesis"/>
        <Attr Name="UsedIn" Val="simulation"/>
      </FileInfo>
    </File>
    <Config>
      <Option Name="DesignMode" Val="RTL"/>
      <Option Name="TopModule" Val="top"/>
      <Option Name="TopAutoSet" Val="TRUE"/>
    </Config>
  </FileSet>
  <FileSet Name="constrs_in" Type="Constrs" RelSrcDir="$PSRCDIR/constrs_1">
    <Filter Type="Constrs"/>
    <File Path="$PSRCDIR/constrs_1/imports/constratints/RAM_ooc.xdc">
      <FileInfo>
        <Attr Name="ImportPath" Val="$PPRDIR/../cpu2/project.srcs/constrs_1/imports/constratints/RAM_ooc.xdc"/>
        <Attr Name="ImportTime" Val="1623993608"/>
        <Attr Name="UsedIn" Val="synthesis"/>
        <Attr Name="UsedIn" Val="implementation"/>
      </FileInfo>
    </File>
    <File Path="$PSRCDIR/constrs_1/imports/constratints/main_constraint.XDC">
      <FileInfo>
        <Attr Name="ImportPath" Val="$PPRDIR/../cpu2/project.srcs/constrs_1/imports/constratints/main_constraint.XDC"/>
        <Attr Name="ImportTime" Val="1623993608"/>
        <Attr Name="UsedIn" Val="synthesis"/>
        <Attr Name="UsedIn" Val="implementation"/>
      </FileInfo>
    </File>
    <Config>
      <Option Name="ConstrsType" Val="XDC"/>
    </Config>
  </FileSet>
  <Strategy Version="1" Minor="2">
    <StratHandle Name="Vivado Implementation Defaults" Flow="Vivado Implementation 2017"/>
    <Step Id="init_design"/>
    <Step Id="opt_design"/>
    <Step Id="power_opt_design"/>
    <Step Id="place_design"/>
    <Step Id="post_place_power_opt_design"/>
    <Step Id="phys_opt_design"/>
    <Step Id="route_design"/>
    <Step Id="post_route_phys_opt_design"/>
    <Step Id="write_bitstream"/>
  </Strategy>
  <BlockFileSet Type="BlockSrcs" Name="prgrom"/>
  <BlockFileSet Type="BlockSrcs" Name="RAM"/>
  <BlockFileSet Type="BlockSrcs" Name="cpuclk"/>
</GenRun>
