<?xml version="1.0" encoding="UTF-8"?>
<GenRun Id="cpuclk_synth_1" LaunchPart="xc7a100tfgg484-1" LaunchTime="1685293732">
  <File Type="PA-TCL" Name="cpuclk.tcl"/>
  <File Type="RDS-PROPCONSTRS" Name="cpuclk_drc_synth.rpt"/>
  <File Type="REPORTS-TCL" Name="cpuclk_reports.tcl"/>
  <File Type="RDS-RDS" Name="cpuclk.vds"/>
  <File Type="RDS-UTIL" Name="cpuclk_utilization_synth.rpt"/>
  <File Type="RDS-UTIL-PB" Name="cpuclk_utilization_synth.pb"/>
  <File Type="RDS-DCP" Name="cpuclk.dcp"/>
  <File Type="VDS-TIMINGSUMMARY" Name="cpuclk_timing_summary_synth.rpt"/>
  <File Type="VDS-TIMING-PB" Name="cpuclk_timing_summary_synth.pb"/>
  <FileSet Name="sources" Type="BlockSrcs" RelSrcDir="$PSRCDIR/cpuclk">
    <File Path="$PSRCDIR/sources_1/ip/cpuclk/cpuclk.xci">
      <FileInfo>
        <Attr Name="UsedIn" Val="synthesis"/>
        <Attr Name="UsedIn" Val="implementation"/>
        <Attr Name="UsedIn" Val="simulation"/>
      </FileInfo>
    </File>
    <Config>
      <Option Name="TopModule" Val="cpuclk"/>
      <Option Name="UseBlackboxStub" Val="1"/>
    </Config>
  </FileSet>
  <FileSet Name="constrs_in" Type="BlockSrcs" RelSrcDir="$PSRCDIR/cpuclk">
    <File Path="$PSRCDIR/sources_1/ip/cpuclk/cpuclk.xci">
      <FileInfo>
        <Attr Name="UsedIn" Val="synthesis"/>
        <Attr Name="UsedIn" Val="implementation"/>
        <Attr Name="UsedIn" Val="simulation"/>
      </FileInfo>
    </File>
    <Config>
      <Option Name="TopModule" Val="cpuclk"/>
      <Option Name="UseBlackboxStub" Val="1"/>
    </Config>
  </FileSet>
  <Strategy Version="1" Minor="2">
    <StratHandle Name="Vivado Synthesis Defaults" Flow="Vivado Synthesis 2017"/>
    <Step Id="synth_design"/>
  </Strategy>
</GenRun>
