<?xml version="1.0"?>
<Runs Version="1" Minor="0">
	<Run Id="RAM_synth_1" LaunchDir="G:/Notes/Computer Organization/Proj/fin/cpu_2/project_1.runs/RAM_synth_1" FlowId="Vivado_Synthesis" FromStepId="vivado" ToStepId="vivado"/>
	<Run Id="synth_1" LaunchDir="G:/Notes/Computer Organization/Proj/fin/cpu_2/project_1.runs/synth_1" FlowId="Vivado_Synthesis" FromStepId="vivado" ToStepId="vivado">
		<Parent Id="RAM_synth_1"/>
	</Run>
	<Run Id="impl_1" LaunchDir="G:/Notes/Computer Organization/Proj/fin/cpu_2/project_1.runs/impl_1" FlowId="Vivado_Implementation" FromStepId="init_design" ToStepId="write_bitstream">
		<Parent Id="synth_1"/>
		<Parent Id="RAM_synth_1"/>
	</Run>
</Runs>

