<?xml version="1.0" encoding="UTF-8"?>
<GenRun Id="prgrom_synth_1" LaunchPart="xc7a100tfgg484-1" LaunchTime="1685290579">
  <File Type="PA-TCL" Name="prgrom.tcl"/>
  <File Type="REPORTS-TCL" Name="prgrom_reports.tcl"/>
  <File Type="RDS-RDS" Name="prgrom.vds"/>
  <File Type="RDS-UTIL" Name="prgrom_utilization_synth.rpt"/>
  <File Type="RDS-UTIL-PB" Name="prgrom_utilization_synth.pb"/>
  <File Type="RDS-DCP" Name="prgrom.dcp"/>
  <FileSet Name="sources" Type="BlockSrcs" RelSrcDir="$PSRCDIR/prgrom">
    <File Path="$PSRCDIR/sources_1/ip/prgrom_2/prgrom.xci">
      <FileInfo>
        <Attr Name="UsedIn" Val="synthesis"/>
        <Attr Name="UsedIn" Val="implementation"/>
        <Attr Name="UsedIn" Val="simulation"/>
      </FileInfo>
    </File>
    <Config>
      <Option Name="TopModule" Val="prgrom"/>
      <Option Name="UseBlackboxStub" Val="1"/>
    </Config>
  </FileSet>
  <FileSet Name="constrs_in" Type="BlockSrcs" RelSrcDir="$PSRCDIR/prgrom">
    <File Path="$PSRCDIR/sources_1/ip/prgrom_2/prgrom.xci">
      <FileInfo>
        <Attr Name="UsedIn" Val="synthesis"/>
        <Attr Name="UsedIn" Val="implementation"/>
        <Attr Name="UsedIn" Val="simulation"/>
      </FileInfo>
    </File>
    <Config>
      <Option Name="TopModule" Val="prgrom"/>
      <Option Name="UseBlackboxStub" Val="1"/>
    </Config>
  </FileSet>
  <Strategy Version="1" Minor="2">
    <StratHandle Name="Vivado Synthesis Defaults" Flow="Vivado Synthesis 2017"/>
    <Step Id="synth_design"/>
  </Strategy>
</GenRun>
